ZIP Code,County,SCAN Affirm,SCAN Inspired,SAN Allied,SCAN Strive ,SCAN Balance 
90620,Orange,Yes,Yes,No,Yes,Yes
90621,Orange,Yes,Yes,No,Yes,Yes
90622,Orange,Yes,Yes,No,Yes,Yes
90623,Orange,Yes,Yes,No,Yes,Yes
90624,Orange,Yes,Yes,No,Yes,Yes
90630,Orange,Yes,Yes,No,Yes,Yes
90631,Orange,Yes,Yes,No,Yes,Yes
90632,Orange,Yes,Yes,No,Yes,Yes
90633,Orange,Yes,Yes,No,Yes,Yes
90680,Orange,Yes,Yes,No,Yes,Yes
90720,Orange,Yes,Yes,No,Yes,Yes
90721,Orange,Yes,Yes,No,Yes,Yes
90740,Orange,Yes,Yes,No,Yes,Yes
90742,Orange,Yes,Yes,No,Yes,Yes
90743,Orange,Yes,Yes,No,Yes,Yes
92602,Orange,Yes,Yes,No,Yes,Yes
92603,Orange,Yes,Yes,No,Yes,Yes
92604,Orange,Yes,Yes,No,Yes,Yes
92605,Orange,Yes,Yes,No,Yes,Yes
92606,Orange,Yes,Yes,No,Yes,Yes
92607,Orange,Yes,Yes,No,Yes,Yes
92609,Orange,Yes,Yes,No,Yes,Yes
92610,Orange,Yes,Yes,No,Yes,Yes
92612,Orange,Yes,Yes,No,Yes,Yes
92614,Orange,Yes,Yes,No,Yes,Yes
92615,Orange,Yes,Yes,No,Yes,Yes
92616,Orange,Yes,Yes,No,Yes,Yes
92617,Orange,Yes,Yes,No,Yes,Yes
92618,Orange,Yes,Yes,No,Yes,Yes
92619,Orange,Yes,Yes,No,Yes,Yes
92620,Orange,Yes,Yes,No,Yes,Yes
92623,Orange,Yes,Yes,No,Yes,Yes
92624,Orange,Yes,Yes,No,Yes,Yes
92625,Orange,Yes,Yes,No,Yes,Yes
92626,Orange,Yes,Yes,No,Yes,Yes
92627,Orange,Yes,Yes,No,Yes,Yes
92628,Orange,Yes,Yes,No,Yes,Yes
92629,Orange,Yes,Yes,No,Yes,Yes
92630,Orange,Yes,Yes,No,Yes,Yes
92637,Orange,Yes,Yes,No,Yes,Yes
92646,Orange,Yes,Yes,No,Yes,Yes
92647,Orange,Yes,Yes,No,Yes,Yes
92648,Orange,Yes,Yes,No,Yes,Yes
92649,Orange,Yes,Yes,No,Yes,Yes
92650,Orange,Yes,Yes,No,Yes,Yes
92651,Orange,Yes,Yes,No,Yes,Yes
92652,Orange,Yes,Yes,No,Yes,Yes
92653,Orange,Yes,Yes,No,Yes,Yes
92654,Orange,Yes,Yes,No,Yes,Yes
92655,Orange,Yes,Yes,No,Yes,Yes
92656,Orange,Yes,Yes,No,Yes,Yes
92657,Orange,Yes,Yes,No,Yes,Yes
92658,Orange,Yes,Yes,No,Yes,Yes
92659,Orange,Yes,Yes,No,Yes,Yes
92660,Orange,Yes,Yes,No,Yes,Yes
92661,Orange,Yes,Yes,No,Yes,Yes
92662,Orange,Yes,Yes,No,Yes,Yes
92663,Orange,Yes,Yes,No,Yes,Yes
92672,Orange,Yes,Yes,No,Yes,Yes
92673,Orange,Yes,Yes,No,Yes,Yes
92674,Orange,Yes,Yes,No,Yes,Yes
92675,Orange,Yes,Yes,No,Yes,Yes
92676,Orange,Yes,Yes,No,Yes,Yes
92677,Orange,Yes,Yes,No,Yes,Yes
92678,Orange,Yes,Yes,No,Yes,Yes
92679,Orange,Yes,Yes,No,Yes,Yes
92683,Orange,Yes,Yes,No,Yes,Yes
92684,Orange,Yes,Yes,No,Yes,Yes
92685,Orange,Yes,Yes,No,Yes,Yes
92688,Orange,Yes,Yes,No,Yes,Yes
92690,Orange,Yes,Yes,No,Yes,Yes
92691,Orange,Yes,Yes,No,Yes,Yes
92692,Orange,Yes,Yes,No,Yes,Yes
92693,Orange,Yes,Yes,No,Yes,Yes
92694,Orange,Yes,Yes,No,Yes,Yes
92697,Orange,Yes,Yes,No,Yes,Yes
92698,Orange,Yes,Yes,No,Yes,Yes
92701,Orange,Yes,Yes,No,Yes,Yes
92702,Orange,Yes,Yes,No,Yes,Yes
92703,Orange,Yes,Yes,No,Yes,Yes
92704,Orange,Yes,Yes,No,Yes,Yes
92705,Orange,Yes,Yes,No,Yes,Yes
92706,Orange,Yes,Yes,No,Yes,Yes
92707,Orange,Yes,Yes,No,Yes,Yes
92708,Orange,Yes,Yes,No,Yes,Yes
92709,Orange,Yes,Yes,No,Yes,Yes
92710,Orange,Yes,Yes,No,Yes,Yes
92711,Orange,Yes,Yes,No,Yes,Yes
92712,Orange,Yes,Yes,No,Yes,Yes
92725,Orange,Yes,Yes,No,Yes,Yes
92728,Orange,Yes,Yes,No,Yes,Yes
92735,Orange,Yes,Yes,No,Yes,Yes
92780,Orange,Yes,Yes,No,Yes,Yes
92781,Orange,Yes,Yes,No,Yes,Yes
92782,Orange,Yes,Yes,No,Yes,Yes
92799,Orange,Yes,Yes,No,Yes,Yes
92801,Orange,Yes,Yes,No,Yes,Yes
92802,Orange,Yes,Yes,No,Yes,Yes
92803,Orange,Yes,Yes,No,Yes,Yes
92804,Orange,Yes,Yes,No,Yes,Yes
92805,Orange,Yes,Yes,No,Yes,Yes
92806,Orange,Yes,Yes,No,Yes,Yes
92807,Orange,Yes,Yes,No,Yes,Yes
92808,Orange,Yes,Yes,No,Yes,Yes
92809,Orange,Yes,Yes,No,Yes,Yes
92811,Orange,Yes,Yes,No,Yes,Yes
92812,Orange,Yes,Yes,No,Yes,Yes
92814,Orange,Yes,Yes,No,Yes,Yes
92815,Orange,Yes,Yes,No,Yes,Yes
92816,Orange,Yes,Yes,No,Yes,Yes
92817,Orange,Yes,Yes,No,Yes,Yes
92821,Orange,Yes,Yes,No,Yes,Yes
92822,Orange,Yes,Yes,No,Yes,Yes
92823,Orange,Yes,Yes,No,Yes,Yes
92825,Orange,Yes,Yes,No,Yes,Yes
92831,Orange,Yes,Yes,No,Yes,Yes
92832,Orange,Yes,Yes,No,Yes,Yes
92833,Orange,Yes,Yes,No,Yes,Yes
92834,Orange,Yes,Yes,No,Yes,Yes
92835,Orange,Yes,Yes,No,Yes,Yes
92836,Orange,Yes,Yes,No,Yes,Yes
92837,Orange,Yes,Yes,No,Yes,Yes
92838,Orange,Yes,Yes,No,Yes,Yes
92840,Orange,Yes,Yes,No,Yes,Yes
92841,Orange,Yes,Yes,No,Yes,Yes
92842,Orange,Yes,Yes,No,Yes,Yes
92843,Orange,Yes,Yes,No,Yes,Yes
92844,Orange,Yes,Yes,No,Yes,Yes
92845,Orange,Yes,Yes,No,Yes,Yes
92846,Orange,Yes,Yes,No,Yes,Yes
92850,Orange,Yes,Yes,No,Yes,Yes
92856,Orange,Yes,Yes,No,Yes,Yes
92857,Orange,Yes,Yes,No,Yes,Yes
92859,Orange,Yes,Yes,No,Yes,Yes
92861,Orange,Yes,Yes,No,Yes,Yes
92862,Orange,Yes,Yes,No,Yes,Yes
92863,Orange,Yes,Yes,No,Yes,Yes
92864,Orange,Yes,Yes,No,Yes,Yes
92865,Orange,Yes,Yes,No,Yes,Yes
92866,Orange,Yes,Yes,No,Yes,Yes
92867,Orange,Yes,Yes,No,Yes,Yes
92868,Orange,Yes,Yes,No,Yes,Yes
92869,Orange,Yes,Yes,No,Yes,Yes
92870,Orange,Yes,Yes,No,Yes,Yes
92871,Orange,Yes,Yes,No,Yes,Yes
92885,Orange,Yes,Yes,No,Yes,Yes
92886,Orange,Yes,Yes,No,Yes,Yes
92887,Orange,Yes,Yes,No,Yes,Yes
92899,Orange,Yes,Yes,No,Yes,Yes
90001,Los Angeles,Yes,Yes,Yes,Yes,Yes
90002,Los Angeles,Yes,Yes,Yes,Yes,Yes
90003,Los Angeles,Yes,Yes,Yes,Yes,Yes
90004,Los Angeles,Yes,Yes,Yes,Yes,Yes
90005,Los Angeles,Yes,Yes,Yes,Yes,Yes
90006,Los Angeles,Yes,Yes,Yes,Yes,Yes
90007,Los Angeles,Yes,Yes,Yes,Yes,Yes
90008,Los Angeles,Yes,Yes,Yes,Yes,Yes
90009,Los Angeles,Yes,Yes,Yes,Yes,Yes
90010,Los Angeles,Yes,Yes,Yes,Yes,Yes
90011,Los Angeles,Yes,Yes,Yes,Yes,Yes
90012,Los Angeles,Yes,Yes,Yes,Yes,Yes
90013,Los Angeles,Yes,Yes,Yes,Yes,Yes
90014,Los Angeles,Yes,Yes,Yes,Yes,Yes
90015,Los Angeles,Yes,Yes,Yes,Yes,Yes
90016,Los Angeles,Yes,Yes,Yes,Yes,Yes
90017,Los Angeles,Yes,Yes,Yes,Yes,Yes
90018,Los Angeles,Yes,Yes,Yes,Yes,Yes
90019,Los Angeles,Yes,Yes,Yes,Yes,Yes
90020,Los Angeles,Yes,Yes,Yes,Yes,Yes
90021,Los Angeles,Yes,Yes,Yes,Yes,Yes
90022,Los Angeles,Yes,Yes,Yes,Yes,Yes
90023,Los Angeles,Yes,Yes,Yes,Yes,Yes
90024,Los Angeles,Yes,Yes,Yes,Yes,Yes
90025,Los Angeles,Yes,Yes,Yes,Yes,Yes
90026,Los Angeles,Yes,Yes,Yes,Yes,Yes
90027,Los Angeles,Yes,Yes,Yes,Yes,Yes
90028,Los Angeles,Yes,Yes,Yes,Yes,Yes
90029,Los Angeles,Yes,Yes,Yes,Yes,Yes
90030,Los Angeles,Yes,Yes,Yes,Yes,Yes
90031,Los Angeles,Yes,Yes,Yes,Yes,Yes
90032,Los Angeles,Yes,Yes,Yes,Yes,Yes
90033,Los Angeles,Yes,Yes,Yes,Yes,Yes
90034,Los Angeles,Yes,Yes,Yes,Yes,Yes
90035,Los Angeles,Yes,Yes,Yes,Yes,Yes
90036,Los Angeles,Yes,Yes,Yes,Yes,Yes
90037,Los Angeles,Yes,Yes,Yes,Yes,Yes
90038,Los Angeles,Yes,Yes,Yes,Yes,Yes
90039,Los Angeles,Yes,Yes,Yes,Yes,Yes
90040,Los Angeles,Yes,Yes,Yes,Yes,Yes
90041,Los Angeles,Yes,Yes,Yes,Yes,Yes
90042,Los Angeles,Yes,Yes,Yes,Yes,Yes
90043,Los Angeles,Yes,Yes,Yes,Yes,Yes
90044,Los Angeles,Yes,Yes,Yes,Yes,Yes
90045,Los Angeles,Yes,Yes,Yes,Yes,Yes
90046,Los Angeles,Yes,Yes,Yes,Yes,Yes
90047,Los Angeles,Yes,Yes,Yes,Yes,Yes
90048,Los Angeles,Yes,Yes,Yes,Yes,Yes
90049,Los Angeles,Yes,Yes,Yes,Yes,Yes
90050,Los Angeles,Yes,Yes,Yes,Yes,Yes
90051,Los Angeles,Yes,Yes,Yes,Yes,Yes
90052,Los Angeles,Yes,Yes,Yes,Yes,Yes
90053,Los Angeles,Yes,Yes,Yes,Yes,Yes
90054,Los Angeles,Yes,Yes,Yes,Yes,Yes
90055,Los Angeles,Yes,Yes,Yes,Yes,Yes
90056,Los Angeles,Yes,Yes,Yes,Yes,Yes
90057,Los Angeles,Yes,Yes,Yes,Yes,Yes
90058,Los Angeles,Yes,Yes,Yes,Yes,Yes
90059,Los Angeles,Yes,Yes,Yes,Yes,Yes
90060,Los Angeles,Yes,Yes,Yes,Yes,Yes
90061,Los Angeles,Yes,Yes,Yes,Yes,Yes
90062,Los Angeles,Yes,Yes,Yes,Yes,Yes
90063,Los Angeles,Yes,Yes,Yes,Yes,Yes
90064,Los Angeles,Yes,Yes,Yes,Yes,Yes
90065,Los Angeles,Yes,Yes,Yes,Yes,Yes
90066,Los Angeles,Yes,Yes,Yes,Yes,Yes
90067,Los Angeles,Yes,Yes,Yes,Yes,Yes
90068,Los Angeles,Yes,Yes,Yes,Yes,Yes
90069,Los Angeles,Yes,Yes,Yes,Yes,Yes
90070,Los Angeles,Yes,Yes,Yes,Yes,Yes
90071,Los Angeles,Yes,Yes,Yes,Yes,Yes
90072,Los Angeles,Yes,Yes,Yes,Yes,Yes
90073,Los Angeles,Yes,Yes,Yes,Yes,Yes
90074,Los Angeles,Yes,Yes,Yes,Yes,Yes
90075,Los Angeles,Yes,Yes,Yes,Yes,Yes
90076,Los Angeles,Yes,Yes,Yes,Yes,Yes
90077,Los Angeles,Yes,Yes,Yes,Yes,Yes
90078,Los Angeles,Yes,Yes,Yes,Yes,Yes
90079,Los Angeles,Yes,Yes,Yes,Yes,Yes
90080,Los Angeles,Yes,Yes,Yes,Yes,Yes
90081,Los Angeles,Yes,Yes,Yes,Yes,Yes
90082,Los Angeles,Yes,Yes,Yes,Yes,Yes
90083,Los Angeles,Yes,Yes,Yes,Yes,Yes
90084,Los Angeles,Yes,Yes,Yes,Yes,Yes
90086,Los Angeles,Yes,Yes,Yes,Yes,Yes
90087,Los Angeles,Yes,Yes,Yes,Yes,Yes
90088,Los Angeles,Yes,Yes,Yes,Yes,Yes
90089,Los Angeles,Yes,Yes,Yes,Yes,Yes
90090,Los Angeles,Yes,Yes,Yes,Yes,Yes
90091,Los Angeles,Yes,Yes,Yes,Yes,Yes
90093,Los Angeles,Yes,Yes,Yes,Yes,Yes
90094,Los Angeles,Yes,Yes,Yes,Yes,Yes
90095,Los Angeles,Yes,Yes,Yes,Yes,Yes
90096,Los Angeles,Yes,Yes,Yes,Yes,Yes
90099,Los Angeles,Yes,Yes,Yes,Yes,Yes
90101,Los Angeles,Yes,Yes,Yes,Yes,Yes
90102,Los Angeles,Yes,Yes,Yes,Yes,Yes
90103,Los Angeles,Yes,Yes,Yes,Yes,Yes
90134,Los Angeles,Yes,Yes,Yes,Yes,Yes
90189,Los Angeles,Yes,Yes,Yes,Yes,Yes
90201,Los Angeles,Yes,Yes,Yes,Yes,Yes
90202,Los Angeles,Yes,Yes,Yes,Yes,Yes
90209,Los Angeles,Yes,Yes,Yes,Yes,Yes
90210,Los Angeles,Yes,Yes,Yes,Yes,Yes
90211,Los Angeles,Yes,Yes,Yes,Yes,Yes
90212,Los Angeles,Yes,Yes,Yes,Yes,Yes
90213,Los Angeles,Yes,Yes,Yes,Yes,Yes
90220,Los Angeles,Yes,Yes,Yes,Yes,Yes
90221,Los Angeles,Yes,Yes,Yes,Yes,Yes
90222,Los Angeles,Yes,Yes,Yes,Yes,Yes
90223,Los Angeles,Yes,Yes,Yes,Yes,Yes
90224,Los Angeles,Yes,Yes,Yes,Yes,Yes
90230,Los Angeles,Yes,Yes,Yes,Yes,Yes
90231,Los Angeles,Yes,Yes,Yes,Yes,Yes
90232,Los Angeles,Yes,Yes,Yes,Yes,Yes
90233,Los Angeles,Yes,Yes,Yes,Yes,Yes
90239,Los Angeles,Yes,Yes,Yes,Yes,Yes
90240,Los Angeles,Yes,Yes,Yes,Yes,Yes
90241,Los Angeles,Yes,Yes,Yes,Yes,Yes
90242,Los Angeles,Yes,Yes,Yes,Yes,Yes
90245,Los Angeles,Yes,Yes,Yes,Yes,Yes
90247,Los Angeles,Yes,Yes,Yes,Yes,Yes
90248,Los Angeles,Yes,Yes,Yes,Yes,Yes
90249,Los Angeles,Yes,Yes,Yes,Yes,Yes
90250,Los Angeles,Yes,Yes,Yes,Yes,Yes
90251,Los Angeles,Yes,Yes,Yes,Yes,Yes
90254,Los Angeles,Yes,Yes,Yes,Yes,Yes
90255,Los Angeles,Yes,Yes,Yes,Yes,Yes
90260,Los Angeles,Yes,Yes,Yes,Yes,Yes
90261,Los Angeles,Yes,Yes,Yes,Yes,Yes
90262,Los Angeles,Yes,Yes,Yes,Yes,Yes
90263,Los Angeles,Yes,Yes,Yes,Yes,Yes
90264,Los Angeles,Yes,Yes,Yes,Yes,Yes
90265,Los Angeles,Yes,Yes,Yes,Yes,Yes
90266,Los Angeles,Yes,Yes,Yes,Yes,Yes
90267,Los Angeles,Yes,Yes,Yes,Yes,Yes
90270,Los Angeles,Yes,Yes,Yes,Yes,Yes
90272,Los Angeles,Yes,Yes,Yes,Yes,Yes
90274,Los Angeles,Yes,Yes,Yes,Yes,Yes
90275,Los Angeles,Yes,Yes,Yes,Yes,Yes
90277,Los Angeles,Yes,Yes,Yes,Yes,Yes
90278,Los Angeles,Yes,Yes,Yes,Yes,Yes
90280,Los Angeles,Yes,Yes,Yes,Yes,Yes
90290,Los Angeles,Yes,Yes,Yes,Yes,Yes
90291,Los Angeles,Yes,Yes,Yes,Yes,Yes
90292,Los Angeles,Yes,Yes,Yes,Yes,Yes
90293,Los Angeles,Yes,Yes,Yes,Yes,Yes
90294,Los Angeles,Yes,Yes,Yes,Yes,Yes
90295,Los Angeles,Yes,Yes,Yes,Yes,Yes
90296,Los Angeles,Yes,Yes,Yes,Yes,Yes
90301,Los Angeles,Yes,Yes,Yes,Yes,Yes
90302,Los Angeles,Yes,Yes,Yes,Yes,Yes
90303,Los Angeles,Yes,Yes,Yes,Yes,Yes
90304,Los Angeles,Yes,Yes,Yes,Yes,Yes
90305,Los Angeles,Yes,Yes,Yes,Yes,Yes
90306,Los Angeles,Yes,Yes,Yes,Yes,Yes
90307,Los Angeles,Yes,Yes,Yes,Yes,Yes
90308,Los Angeles,Yes,Yes,Yes,Yes,Yes
90309,Los Angeles,Yes,Yes,Yes,Yes,Yes
90310,Los Angeles,Yes,Yes,Yes,Yes,Yes
90311,Los Angeles,Yes,Yes,Yes,Yes,Yes
90312,Los Angeles,Yes,Yes,Yes,Yes,Yes
90313,Los Angeles,Yes,Yes,Yes,Yes,Yes
90397,Los Angeles,Yes,Yes,Yes,Yes,Yes
90398,Los Angeles,Yes,Yes,Yes,Yes,Yes
90401,Los Angeles,Yes,Yes,Yes,Yes,Yes
90402,Los Angeles,Yes,Yes,Yes,Yes,Yes
90403,Los Angeles,Yes,Yes,Yes,Yes,Yes
90404,Los Angeles,Yes,Yes,Yes,Yes,Yes
90405,Los Angeles,Yes,Yes,Yes,Yes,Yes
90406,Los Angeles,Yes,Yes,Yes,Yes,Yes
90407,Los Angeles,Yes,Yes,Yes,Yes,Yes
90408,Los Angeles,Yes,Yes,Yes,Yes,Yes
90409,Los Angeles,Yes,Yes,Yes,Yes,Yes
90410,Los Angeles,Yes,Yes,Yes,Yes,Yes
90411,Los Angeles,Yes,Yes,Yes,Yes,Yes
90501,Los Angeles,Yes,Yes,Yes,Yes,Yes
90502,Los Angeles,Yes,Yes,Yes,Yes,Yes
90503,Los Angeles,Yes,Yes,Yes,Yes,Yes
90504,Los Angeles,Yes,Yes,Yes,Yes,Yes
90505,Los Angeles,Yes,Yes,Yes,Yes,Yes
90506,Los Angeles,Yes,Yes,Yes,Yes,Yes
90507,Los Angeles,Yes,Yes,Yes,Yes,Yes
90508,Los Angeles,Yes,Yes,Yes,Yes,Yes
90509,Los Angeles,Yes,Yes,Yes,Yes,Yes
90510,Los Angeles,Yes,Yes,Yes,Yes,Yes
90601,Los Angeles,Yes,Yes,Yes,Yes,Yes
90602,Los Angeles,Yes,Yes,Yes,Yes,Yes
90603,Los Angeles,Yes,Yes,Yes,Yes,Yes
90604,Los Angeles,Yes,Yes,Yes,Yes,Yes
90605,Los Angeles,Yes,Yes,Yes,Yes,Yes
90606,Los Angeles,Yes,Yes,Yes,Yes,Yes
90607,Los Angeles,Yes,Yes,Yes,Yes,Yes
90608,Los Angeles,Yes,Yes,Yes,Yes,Yes
90609,Los Angeles,Yes,Yes,Yes,Yes,Yes
90610,Los Angeles,Yes,Yes,Yes,Yes,Yes
90612,Los Angeles,Yes,Yes,Yes,Yes,Yes
90637,Los Angeles,Yes,Yes,Yes,Yes,Yes
90638,Los Angeles,Yes,Yes,Yes,Yes,Yes
90639,Los Angeles,Yes,Yes,Yes,Yes,Yes
90640,Los Angeles,Yes,Yes,Yes,Yes,Yes
90650,Los Angeles,Yes,Yes,Yes,Yes,Yes
90651,Los Angeles,Yes,Yes,Yes,Yes,Yes
90652,Los Angeles,Yes,Yes,Yes,Yes,Yes
90659,Los Angeles,Yes,Yes,Yes,Yes,Yes
90660,Los Angeles,Yes,Yes,Yes,Yes,Yes
90661,Los Angeles,Yes,Yes,Yes,Yes,Yes
90662,Los Angeles,Yes,Yes,Yes,Yes,Yes
90670,Los Angeles,Yes,Yes,Yes,Yes,Yes
90671,Los Angeles,Yes,Yes,Yes,Yes,Yes
90701,Los Angeles,Yes,Yes,Yes,Yes,Yes
90702,Los Angeles,Yes,Yes,Yes,Yes,Yes
90703,Los Angeles,Yes,Yes,Yes,Yes,Yes
90704,Los Angeles,Yes,Yes,Yes,Yes,Yes
90706,Los Angeles,Yes,Yes,Yes,Yes,Yes
90707,Los Angeles,Yes,Yes,Yes,Yes,Yes
90710,Los Angeles,Yes,Yes,Yes,Yes,Yes
90711,Los Angeles,Yes,Yes,Yes,Yes,Yes
90712,Los Angeles,Yes,Yes,Yes,Yes,Yes
90713,Los Angeles,Yes,Yes,Yes,Yes,Yes
90714,Los Angeles,Yes,Yes,Yes,Yes,Yes
90715,Los Angeles,Yes,Yes,Yes,Yes,Yes
90716,Los Angeles,Yes,Yes,Yes,Yes,Yes
90717,Los Angeles,Yes,Yes,Yes,Yes,Yes
90723,Los Angeles,Yes,Yes,Yes,Yes,Yes
90731,Los Angeles,Yes,Yes,Yes,Yes,Yes
90732,Los Angeles,Yes,Yes,Yes,Yes,Yes
90733,Los Angeles,Yes,Yes,Yes,Yes,Yes
90734,Los Angeles,Yes,Yes,Yes,Yes,Yes
90744,Los Angeles,Yes,Yes,Yes,Yes,Yes
90745,Los Angeles,Yes,Yes,Yes,Yes,Yes
90746,Los Angeles,Yes,Yes,Yes,Yes,Yes
90747,Los Angeles,Yes,Yes,Yes,Yes,Yes
90748,Los Angeles,Yes,Yes,Yes,Yes,Yes
90749,Los Angeles,Yes,Yes,Yes,Yes,Yes
90755,Los Angeles,Yes,Yes,Yes,Yes,Yes
90801,Los Angeles,Yes,Yes,Yes,Yes,Yes
90802,Los Angeles,Yes,Yes,Yes,Yes,Yes
90803,Los Angeles,Yes,Yes,Yes,Yes,Yes
90804,Los Angeles,Yes,Yes,Yes,Yes,Yes
90805,Los Angeles,Yes,Yes,Yes,Yes,Yes
90806,Los Angeles,Yes,Yes,Yes,Yes,Yes
90807,Los Angeles,Yes,Yes,Yes,Yes,Yes
90808,Los Angeles,Yes,Yes,Yes,Yes,Yes
90809,Los Angeles,Yes,Yes,Yes,Yes,Yes
90810,Los Angeles,Yes,Yes,Yes,Yes,Yes
90813,Los Angeles,Yes,Yes,Yes,Yes,Yes
90814,Los Angeles,Yes,Yes,Yes,Yes,Yes
90815,Los Angeles,Yes,Yes,Yes,Yes,Yes
90822,Los Angeles,Yes,Yes,Yes,Yes,Yes
90831,Los Angeles,Yes,Yes,Yes,Yes,Yes
90832,Los Angeles,Yes,Yes,Yes,Yes,Yes
90833,Los Angeles,Yes,Yes,Yes,Yes,Yes
90834,Los Angeles,Yes,Yes,Yes,Yes,Yes
90835,Los Angeles,Yes,Yes,Yes,Yes,Yes
90840,Los Angeles,Yes,Yes,Yes,Yes,Yes
90842,Los Angeles,Yes,Yes,Yes,Yes,Yes
90844,Los Angeles,Yes,Yes,Yes,Yes,Yes
90845,Los Angeles,Yes,Yes,Yes,Yes,Yes
90846,Los Angeles,Yes,Yes,Yes,Yes,Yes
90847,Los Angeles,Yes,Yes,Yes,Yes,Yes
90848,Los Angeles,Yes,Yes,Yes,Yes,Yes
90853,Los Angeles,Yes,Yes,Yes,Yes,Yes
90888,Los Angeles,Yes,Yes,Yes,Yes,Yes
90895,Los Angeles,Yes,Yes,Yes,Yes,Yes
90899,Los Angeles,Yes,Yes,Yes,Yes,Yes
91001,Los Angeles,Yes,Yes,Yes,Yes,Yes
91003,Los Angeles,Yes,Yes,Yes,Yes,Yes
91006,Los Angeles,Yes,Yes,Yes,Yes,Yes
91007,Los Angeles,Yes,Yes,Yes,Yes,Yes
91008,Los Angeles,Yes,Yes,Yes,Yes,Yes
91009,Los Angeles,Yes,Yes,Yes,Yes,Yes
91010,Los Angeles,Yes,Yes,Yes,Yes,Yes
91011,Los Angeles,Yes,Yes,Yes,Yes,Yes
91012,Los Angeles,Yes,Yes,Yes,Yes,Yes
91016,Los Angeles,Yes,Yes,Yes,Yes,Yes
91017,Los Angeles,Yes,Yes,Yes,Yes,Yes
91020,Los Angeles,Yes,Yes,Yes,Yes,Yes
91021,Los Angeles,Yes,Yes,Yes,Yes,Yes
91023,Los Angeles,Yes,Yes,Yes,Yes,Yes
91024,Los Angeles,Yes,Yes,Yes,Yes,Yes
91025,Los Angeles,Yes,Yes,Yes,Yes,Yes
91030,Los Angeles,Yes,Yes,Yes,Yes,Yes
91031,Los Angeles,Yes,Yes,Yes,Yes,Yes
91040,Los Angeles,Yes,Yes,Yes,Yes,Yes
91041,Los Angeles,Yes,Yes,Yes,Yes,Yes
91042,Los Angeles,Yes,Yes,Yes,Yes,Yes
91043,Los Angeles,Yes,Yes,Yes,Yes,Yes
91046,Los Angeles,Yes,Yes,Yes,Yes,Yes
91066,Los Angeles,Yes,Yes,Yes,Yes,Yes
91077,Los Angeles,Yes,Yes,Yes,Yes,Yes
91101,Los Angeles,Yes,Yes,Yes,Yes,Yes
91102,Los Angeles,Yes,Yes,Yes,Yes,Yes
91103,Los Angeles,Yes,Yes,Yes,Yes,Yes
91104,Los Angeles,Yes,Yes,Yes,Yes,Yes
91105,Los Angeles,Yes,Yes,Yes,Yes,Yes
91106,Los Angeles,Yes,Yes,Yes,Yes,Yes
91107,Los Angeles,Yes,Yes,Yes,Yes,Yes
91108,Los Angeles,Yes,Yes,Yes,Yes,Yes
91109,Los Angeles,Yes,Yes,Yes,Yes,Yes
91110,Los Angeles,Yes,Yes,Yes,Yes,Yes
91114,Los Angeles,Yes,Yes,Yes,Yes,Yes
91115,Los Angeles,Yes,Yes,Yes,Yes,Yes
91116,Los Angeles,Yes,Yes,Yes,Yes,Yes
91117,Los Angeles,Yes,Yes,Yes,Yes,Yes
91118,Los Angeles,Yes,Yes,Yes,Yes,Yes
91121,Los Angeles,Yes,Yes,Yes,Yes,Yes
91123,Los Angeles,Yes,Yes,Yes,Yes,Yes
91124,Los Angeles,Yes,Yes,Yes,Yes,Yes
91125,Los Angeles,Yes,Yes,Yes,Yes,Yes
91126,Los Angeles,Yes,Yes,Yes,Yes,Yes
91129,Los Angeles,Yes,Yes,Yes,Yes,Yes
91131,Los Angeles,Yes,Yes,Yes,Yes,Yes
91182,Los Angeles,Yes,Yes,Yes,Yes,Yes
91184,Los Angeles,Yes,Yes,Yes,Yes,Yes
91185,Los Angeles,Yes,Yes,Yes,Yes,Yes
91188,Los Angeles,Yes,Yes,Yes,Yes,Yes
91189,Los Angeles,Yes,Yes,Yes,Yes,Yes
91191,Los Angeles,Yes,Yes,Yes,Yes,Yes
91199,Los Angeles,Yes,Yes,Yes,Yes,Yes
91201,Los Angeles,Yes,Yes,Yes,Yes,Yes
91202,Los Angeles,Yes,Yes,Yes,Yes,Yes
91203,Los Angeles,Yes,Yes,Yes,Yes,Yes
91204,Los Angeles,Yes,Yes,Yes,Yes,Yes
91205,Los Angeles,Yes,Yes,Yes,Yes,Yes
91206,Los Angeles,Yes,Yes,Yes,Yes,Yes
91207,Los Angeles,Yes,Yes,Yes,Yes,Yes
91208,Los Angeles,Yes,Yes,Yes,Yes,Yes
91209,Los Angeles,Yes,Yes,Yes,Yes,Yes
91210,Los Angeles,Yes,Yes,Yes,Yes,Yes
91214,Los Angeles,Yes,Yes,Yes,Yes,Yes
91221,Los Angeles,Yes,Yes,Yes,Yes,Yes
91222,Los Angeles,Yes,Yes,Yes,Yes,Yes
91224,Los Angeles,Yes,Yes,Yes,Yes,Yes
91225,Los Angeles,Yes,Yes,Yes,Yes,Yes
91226,Los Angeles,Yes,Yes,Yes,Yes,Yes
91301,Los Angeles,Yes,Yes,Yes,Yes,Yes
91302,Los Angeles,Yes,Yes,Yes,Yes,Yes
91303,Los Angeles,Yes,Yes,Yes,Yes,Yes
91304,Los Angeles,Yes,Yes,Yes,Yes,Yes
91305,Los Angeles,Yes,Yes,Yes,Yes,Yes
91306,Los Angeles,Yes,Yes,Yes,Yes,Yes
91307,Los Angeles,Yes,Yes,Yes,Yes,Yes
91308,Los Angeles,Yes,Yes,Yes,Yes,Yes
91309,Los Angeles,Yes,Yes,Yes,Yes,Yes
91310,Los Angeles,Yes,Yes,Yes,Yes,Yes
91311,Los Angeles,Yes,Yes,Yes,Yes,Yes
91313,Los Angeles,Yes,Yes,Yes,Yes,Yes
91316,Los Angeles,Yes,Yes,Yes,Yes,Yes
91321,Los Angeles,Yes,Yes,Yes,Yes,Yes
91322,Los Angeles,Yes,Yes,Yes,Yes,Yes
91324,Los Angeles,Yes,Yes,Yes,Yes,Yes
91325,Los Angeles,Yes,Yes,Yes,Yes,Yes
91326,Los Angeles,Yes,Yes,Yes,Yes,Yes
91327,Los Angeles,Yes,Yes,Yes,Yes,Yes
91328,Los Angeles,Yes,Yes,Yes,Yes,Yes
91329,Los Angeles,Yes,Yes,Yes,Yes,Yes
91330,Los Angeles,Yes,Yes,Yes,Yes,Yes
91331,Los Angeles,Yes,Yes,Yes,Yes,Yes
91333,Los Angeles,Yes,Yes,Yes,Yes,Yes
91334,Los Angeles,Yes,Yes,Yes,Yes,Yes
91335,Los Angeles,Yes,Yes,Yes,Yes,Yes
91337,Los Angeles,Yes,Yes,Yes,Yes,Yes
91340,Los Angeles,Yes,Yes,Yes,Yes,Yes
91341,Los Angeles,Yes,Yes,Yes,Yes,Yes
91342,Los Angeles,Yes,Yes,Yes,Yes,Yes
91343,Los Angeles,Yes,Yes,Yes,Yes,Yes
91344,Los Angeles,Yes,Yes,Yes,Yes,Yes
91345,Los Angeles,Yes,Yes,Yes,Yes,Yes
91346,Los Angeles,Yes,Yes,Yes,Yes,Yes
91350,Los Angeles,Yes,Yes,Yes,Yes,Yes
91351,Los Angeles,Yes,Yes,Yes,Yes,Yes
91352,Los Angeles,Yes,Yes,Yes,Yes,Yes
91353,Los Angeles,Yes,Yes,Yes,Yes,Yes
91354,Los Angeles,Yes,Yes,Yes,Yes,Yes
91355,Los Angeles,Yes,Yes,Yes,Yes,Yes
91356,Los Angeles,Yes,Yes,Yes,Yes,Yes
91357,Los Angeles,Yes,Yes,Yes,Yes,Yes
91359,Los Angeles,Yes,Yes,Yes,Yes,Yes
91363,Los Angeles,Yes,Yes,Yes,Yes,Yes
91364,Los Angeles,Yes,Yes,Yes,Yes,Yes
91365,Los Angeles,Yes,Yes,Yes,Yes,Yes
91367,Los Angeles,Yes,Yes,Yes,Yes,Yes
91371,Los Angeles,Yes,Yes,Yes,Yes,Yes
91372,Los Angeles,Yes,Yes,Yes,Yes,Yes
91376,Los Angeles,Yes,Yes,Yes,Yes,Yes
91380,Los Angeles,Yes,Yes,Yes,Yes,Yes
91381,Los Angeles,Yes,Yes,Yes,Yes,Yes
91382,Los Angeles,Yes,Yes,Yes,Yes,Yes
91383,Los Angeles,Yes,Yes,Yes,Yes,Yes
91384,Los Angeles,Yes,Yes,Yes,Yes,Yes
91385,Los Angeles,Yes,Yes,Yes,Yes,Yes
91386,Los Angeles,Yes,Yes,Yes,Yes,Yes
91387,Los Angeles,Yes,Yes,Yes,Yes,Yes
91388,Los Angeles,Yes,Yes,Yes,Yes,Yes
91390,Los Angeles,Yes,Yes,Yes,Yes,Yes
91392,Los Angeles,Yes,Yes,Yes,Yes,Yes
91393,Los Angeles,Yes,Yes,Yes,Yes,Yes
91394,Los Angeles,Yes,Yes,Yes,Yes,Yes
91395,Los Angeles,Yes,Yes,Yes,Yes,Yes
91396,Los Angeles,Yes,Yes,Yes,Yes,Yes
91399,Los Angeles,Yes,Yes,Yes,Yes,Yes
91401,Los Angeles,Yes,Yes,Yes,Yes,Yes
91402,Los Angeles,Yes,Yes,Yes,Yes,Yes
91403,Los Angeles,Yes,Yes,Yes,Yes,Yes
91404,Los Angeles,Yes,Yes,Yes,Yes,Yes
91405,Los Angeles,Yes,Yes,Yes,Yes,Yes
91406,Los Angeles,Yes,Yes,Yes,Yes,Yes
91407,Los Angeles,Yes,Yes,Yes,Yes,Yes
91408,Los Angeles,Yes,Yes,Yes,Yes,Yes
91409,Los Angeles,Yes,Yes,Yes,Yes,Yes
91410,Los Angeles,Yes,Yes,Yes,Yes,Yes
91411,Los Angeles,Yes,Yes,Yes,Yes,Yes
91412,Los Angeles,Yes,Yes,Yes,Yes,Yes
91413,Los Angeles,Yes,Yes,Yes,Yes,Yes
91416,Los Angeles,Yes,Yes,Yes,Yes,Yes
91423,Los Angeles,Yes,Yes,Yes,Yes,Yes
91426,Los Angeles,Yes,Yes,Yes,Yes,Yes
91436,Los Angeles,Yes,Yes,Yes,Yes,Yes
91470,Los Angeles,Yes,Yes,Yes,Yes,Yes
91482,Los Angeles,Yes,Yes,Yes,Yes,Yes
91495,Los Angeles,Yes,Yes,Yes,Yes,Yes
91496,Los Angeles,Yes,Yes,Yes,Yes,Yes
91497,Los Angeles,Yes,Yes,Yes,Yes,Yes
91499,Los Angeles,Yes,Yes,Yes,Yes,Yes
91501,Los Angeles,Yes,Yes,Yes,Yes,Yes
91502,Los Angeles,Yes,Yes,Yes,Yes,Yes
91503,Los Angeles,Yes,Yes,Yes,Yes,Yes
91504,Los Angeles,Yes,Yes,Yes,Yes,Yes
91505,Los Angeles,Yes,Yes,Yes,Yes,Yes
91506,Los Angeles,Yes,Yes,Yes,Yes,Yes
91507,Los Angeles,Yes,Yes,Yes,Yes,Yes
91508,Los Angeles,Yes,Yes,Yes,Yes,Yes
91510,Los Angeles,Yes,Yes,Yes,Yes,Yes
91521,Los Angeles,Yes,Yes,Yes,Yes,Yes
91522,Los Angeles,Yes,Yes,Yes,Yes,Yes
91523,Los Angeles,Yes,Yes,Yes,Yes,Yes
91526,Los Angeles,Yes,Yes,Yes,Yes,Yes
91601,Los Angeles,Yes,Yes,Yes,Yes,Yes
91602,Los Angeles,Yes,Yes,Yes,Yes,Yes
91603,Los Angeles,Yes,Yes,Yes,Yes,Yes
91604,Los Angeles,Yes,Yes,Yes,Yes,Yes
91605,Los Angeles,Yes,Yes,Yes,Yes,Yes
91606,Los Angeles,Yes,Yes,Yes,Yes,Yes
91607,Los Angeles,Yes,Yes,Yes,Yes,Yes
91608,Los Angeles,Yes,Yes,Yes,Yes,Yes
91609,Los Angeles,Yes,Yes,Yes,Yes,Yes
91610,Los Angeles,Yes,Yes,Yes,Yes,Yes
91611,Los Angeles,Yes,Yes,Yes,Yes,Yes
91612,Los Angeles,Yes,Yes,Yes,Yes,Yes
91614,Los Angeles,Yes,Yes,Yes,Yes,Yes
91615,Los Angeles,Yes,Yes,Yes,Yes,Yes
91616,Los Angeles,Yes,Yes,Yes,Yes,Yes
91617,Los Angeles,Yes,Yes,Yes,Yes,Yes
91618,Los Angeles,Yes,Yes,Yes,Yes,Yes
91702,Los Angeles,Yes,Yes,Yes,Yes,Yes
91706,Los Angeles,Yes,Yes,Yes,Yes,Yes
91711,Los Angeles,Yes,Yes,Yes,Yes,Yes
91714,Los Angeles,Yes,Yes,Yes,Yes,Yes
91715,Los Angeles,Yes,Yes,Yes,Yes,Yes
91716,Los Angeles,Yes,Yes,Yes,Yes,Yes
91722,Los Angeles,Yes,Yes,Yes,Yes,Yes
91723,Los Angeles,Yes,Yes,Yes,Yes,Yes
91724,Los Angeles,Yes,Yes,Yes,Yes,Yes
91731,Los Angeles,Yes,Yes,Yes,Yes,Yes
91732,Los Angeles,Yes,Yes,Yes,Yes,Yes
91733,Los Angeles,Yes,Yes,Yes,Yes,Yes
91734,Los Angeles,Yes,Yes,Yes,Yes,Yes
91735,Los Angeles,Yes,Yes,Yes,Yes,Yes
91740,Los Angeles,Yes,Yes,Yes,Yes,Yes
91741,Los Angeles,Yes,Yes,Yes,Yes,Yes
91744,Los Angeles,Yes,Yes,Yes,Yes,Yes
91745,Los Angeles,Yes,Yes,Yes,Yes,Yes
91746,Los Angeles,Yes,Yes,Yes,Yes,Yes
91747,Los Angeles,Yes,Yes,Yes,Yes,Yes
91748,Los Angeles,Yes,Yes,Yes,Yes,Yes
91749,Los Angeles,Yes,Yes,Yes,Yes,Yes
91750,Los Angeles,Yes,Yes,Yes,Yes,Yes
91754,Los Angeles,Yes,Yes,Yes,Yes,Yes
91755,Los Angeles,Yes,Yes,Yes,Yes,Yes
91756,Los Angeles,Yes,Yes,Yes,Yes,Yes
91765,Los Angeles,Yes,Yes,Yes,Yes,Yes
91766,Los Angeles,Yes,Yes,Yes,Yes,Yes
91767,Los Angeles,Yes,Yes,Yes,Yes,Yes
91768,Los Angeles,Yes,Yes,Yes,Yes,Yes
91769,Los Angeles,Yes,Yes,Yes,Yes,Yes
91770,Los Angeles,Yes,Yes,Yes,Yes,Yes
91771,Los Angeles,Yes,Yes,Yes,Yes,Yes
91772,Los Angeles,Yes,Yes,Yes,Yes,Yes
91773,Los Angeles,Yes,Yes,Yes,Yes,Yes
91775,Los Angeles,Yes,Yes,Yes,Yes,Yes
91776,Los Angeles,Yes,Yes,Yes,Yes,Yes
91778,Los Angeles,Yes,Yes,Yes,Yes,Yes
91780,Los Angeles,Yes,Yes,Yes,Yes,Yes
91788,Los Angeles,Yes,Yes,Yes,Yes,Yes
91789,Los Angeles,Yes,Yes,Yes,Yes,Yes
91790,Los Angeles,Yes,Yes,Yes,Yes,Yes
91791,Los Angeles,Yes,Yes,Yes,Yes,Yes
91792,Los Angeles,Yes,Yes,Yes,Yes,Yes
91793,Los Angeles,Yes,Yes,Yes,Yes,Yes
91795,Los Angeles,Yes,Yes,Yes,Yes,Yes
91797,Los Angeles,Yes,Yes,Yes,Yes,Yes
91799,Los Angeles,Yes,Yes,Yes,Yes,Yes
91801,Los Angeles,Yes,Yes,Yes,Yes,Yes
91802,Los Angeles,Yes,Yes,Yes,Yes,Yes
91803,Los Angeles,Yes,Yes,Yes,Yes,Yes
91804,Los Angeles,Yes,Yes,Yes,Yes,Yes
91841,Los Angeles,Yes,Yes,Yes,Yes,Yes
91896,Los Angeles,Yes,Yes,Yes,Yes,Yes
91899,Los Angeles,Yes,Yes,Yes,Yes,Yes
93510,Los Angeles,Yes,Yes,Yes,Yes,Yes
93532,Los Angeles,Yes,Yes,Yes,Yes,Yes
93534,Los Angeles,Yes,Yes,Yes,Yes,Yes
93535,Los Angeles,Yes,Yes,Yes,Yes,Yes
93536,Los Angeles,Yes,Yes,Yes,Yes,Yes
93539,Los Angeles,Yes,Yes,Yes,Yes,Yes
93543,Los Angeles,Yes,Yes,Yes,Yes,Yes
93544,Los Angeles,Yes,Yes,Yes,Yes,Yes
93550,Los Angeles,Yes,Yes,Yes,Yes,Yes
93551,Los Angeles,Yes,Yes,Yes,Yes,Yes
93552,Los Angeles,Yes,Yes,Yes,Yes,Yes
93553,Los Angeles,Yes,Yes,Yes,Yes,Yes
93563,Los Angeles,Yes,Yes,Yes,Yes,Yes
93584,Los Angeles,Yes,Yes,Yes,Yes,Yes
93586,Los Angeles,Yes,Yes,Yes,Yes,Yes
93590,Los Angeles,Yes,Yes,Yes,Yes,Yes
93591,Los Angeles,Yes,Yes,Yes,Yes,Yes
93599,Los Angeles,Yes,Yes,Yes,Yes,Yes
94101,San Francisco,Yes,No,Yes,Yes,Yes
94102,San Francisco,Yes,No,Yes,Yes,Yes
94103,San Francisco,Yes,No,Yes,Yes,Yes
94104,San Francisco,Yes,No,Yes,Yes,Yes
94105,San Francisco,Yes,No,Yes,Yes,Yes
94106,San Francisco,Yes,No,Yes,Yes,Yes
94107,San Francisco,Yes,No,Yes,Yes,Yes
94108,San Francisco,Yes,No,Yes,Yes,Yes
94109,San Francisco,Yes,No,Yes,Yes,Yes
94110,San Francisco,Yes,No,Yes,Yes,Yes
94111,San Francisco,Yes,No,Yes,Yes,Yes
94112,San Francisco,Yes,No,Yes,Yes,Yes
94114,San Francisco,Yes,No,Yes,Yes,Yes
94115,San Francisco,Yes,No,Yes,Yes,Yes
94116,San Francisco,Yes,No,Yes,Yes,Yes
94117,San Francisco,Yes,No,Yes,Yes,Yes
94118,San Francisco,Yes,No,Yes,Yes,Yes
94119,San Francisco,Yes,No,Yes,Yes,Yes
94120,San Francisco,Yes,No,Yes,Yes,Yes
94121,San Francisco,Yes,No,Yes,Yes,Yes
94122,San Francisco,Yes,No,Yes,Yes,Yes
94123,San Francisco,Yes,No,Yes,Yes,Yes
94124,San Francisco,Yes,No,Yes,Yes,Yes
94125,San Francisco,Yes,No,Yes,Yes,Yes
94126,San Francisco,Yes,No,Yes,Yes,Yes
94127,San Francisco,Yes,No,Yes,Yes,Yes
94129,San Francisco,Yes,No,Yes,Yes,Yes
94130,San Francisco,Yes,No,Yes,Yes,Yes
94131,San Francisco,Yes,No,Yes,Yes,Yes
94132,San Francisco,Yes,No,Yes,Yes,Yes
94133,San Francisco,Yes,No,Yes,Yes,Yes
94134,San Francisco,Yes,No,Yes,Yes,Yes
94135,San Francisco,Yes,No,Yes,Yes,Yes
94136,San Francisco,Yes,No,Yes,Yes,Yes
94137,San Francisco,Yes,No,Yes,Yes,Yes
94138,San Francisco,Yes,No,Yes,Yes,Yes
94139,San Francisco,Yes,No,Yes,Yes,Yes
94140,San Francisco,Yes,No,Yes,Yes,Yes
94141,San Francisco,Yes,No,Yes,Yes,Yes
94142,San Francisco,Yes,No,Yes,Yes,Yes
94143,San Francisco,Yes,No,Yes,Yes,Yes
94144,San Francisco,Yes,No,Yes,Yes,Yes
94145,San Francisco,Yes,No,Yes,Yes,Yes
94146,San Francisco,Yes,No,Yes,Yes,Yes
94147,San Francisco,Yes,No,Yes,Yes,Yes
94150,San Francisco,Yes,No,Yes,Yes,Yes
94151,San Francisco,Yes,No,Yes,Yes,Yes
94152,San Francisco,Yes,No,Yes,Yes,Yes
94153,San Francisco,Yes,No,Yes,Yes,Yes
94154,San Francisco,Yes,No,Yes,Yes,Yes
94155,San Francisco,Yes,No,Yes,Yes,Yes
94156,San Francisco,Yes,No,Yes,Yes,Yes
94158,San Francisco,Yes,No,Yes,Yes,Yes
94159,San Francisco,Yes,No,Yes,Yes,Yes
94160,San Francisco,Yes,No,Yes,Yes,Yes
94161,San Francisco,Yes,No,Yes,Yes,Yes
94162,San Francisco,Yes,No,Yes,Yes,Yes
94163,San Francisco,Yes,No,Yes,Yes,Yes
94164,San Francisco,Yes,No,Yes,Yes,Yes
94171,San Francisco,Yes,No,Yes,Yes,Yes
94172,San Francisco,Yes,No,Yes,Yes,Yes
94175,San Francisco,Yes,No,Yes,Yes,Yes
94177,San Francisco,Yes,No,Yes,Yes,Yes
94188,San Francisco,Yes,No,Yes,Yes,Yes
94199,San Francisco,Yes,No,Yes,Yes,Yes
93210,Frenso,No,No,No,Yes,Yes
93234,Frenso,No,No,No,Yes,Yes
93242,Frenso,No,No,No,Yes,Yes
93602,Frenso,No,No,No,Yes,Yes
93605,Frenso,No,No,No,Yes,Yes
93606,Frenso,No,No,No,Yes,Yes
93607,Frenso,No,No,No,Yes,Yes
93608,Frenso,No,No,No,Yes,Yes
93609,Frenso,No,No,No,Yes,Yes
93611,Frenso,No,No,No,Yes,Yes
93612,Frenso,No,No,No,Yes,Yes
93613,Frenso,No,No,No,Yes,Yes
93616,Frenso,No,No,No,Yes,Yes
93619,Frenso,No,No,No,Yes,Yes
93621,Frenso,No,No,No,Yes,Yes
93622,Frenso,No,No,No,Yes,Yes
93624,Frenso,No,No,No,Yes,Yes
93625,Frenso,No,No,No,Yes,Yes
93626,Frenso,No,No,No,Yes,Yes
93627,Frenso,No,No,No,Yes,Yes
93628,Frenso,No,No,No,Yes,Yes
93630,Frenso,No,No,No,Yes,Yes
93631,Frenso,No,No,No,Yes,Yes
93634,Frenso,No,No,No,Yes,Yes
93640,Frenso,No,No,No,Yes,Yes
93641,Frenso,No,No,No,Yes,Yes
93642,Frenso,No,No,No,Yes,Yes
93646,Frenso,No,No,No,Yes,Yes
93648,Frenso,No,No,No,Yes,Yes
93649,Frenso,No,No,No,Yes,Yes
93650,Frenso,No,No,No,Yes,Yes
93651,Frenso,No,No,No,Yes,Yes
93652,Frenso,No,No,No,Yes,Yes
93654,Frenso,No,No,No,Yes,Yes
93656,Frenso,No,No,No,Yes,Yes
93657,Frenso,No,No,No,Yes,Yes
93660,Frenso,No,No,No,Yes,Yes
93662,Frenso,No,No,No,Yes,Yes
93664,Frenso,No,No,No,Yes,Yes
93667,Frenso,No,No,No,Yes,Yes
93668,Frenso,No,No,No,Yes,Yes
93675,Frenso,No,No,No,Yes,Yes
93701,Frenso,No,No,No,Yes,Yes
93702,Frenso,No,No,No,Yes,Yes
93703,Frenso,No,No,No,Yes,Yes
93704,Frenso,No,No,No,Yes,Yes
93705,Frenso,No,No,No,Yes,Yes
93706,Frenso,No,No,No,Yes,Yes
93707,Frenso,No,No,No,Yes,Yes
93708,Frenso,No,No,No,Yes,Yes
93709,Frenso,No,No,No,Yes,Yes
93710,Frenso,No,No,No,Yes,Yes
93711,Frenso,No,No,No,Yes,Yes
93712,Frenso,No,No,No,Yes,Yes
93714,Frenso,No,No,No,Yes,Yes
93715,Frenso,No,No,No,Yes,Yes
93716,Frenso,No,No,No,Yes,Yes
93717,Frenso,No,No,No,Yes,Yes
93718,Frenso,No,No,No,Yes,Yes
93720,Frenso,No,No,No,Yes,Yes
93721,Frenso,No,No,No,Yes,Yes
93722,Frenso,No,No,No,Yes,Yes
93723,Frenso,No,No,No,Yes,Yes
93724,Frenso,No,No,No,Yes,Yes
93725,Frenso,No,No,No,Yes,Yes
93726,Frenso,No,No,No,Yes,Yes
93727,Frenso,No,No,No,Yes,Yes
93728,Frenso,No,No,No,Yes,Yes
93729,Frenso,No,No,No,Yes,Yes
93730,Frenso,No,No,No,Yes,Yes
93737,Frenso,No,No,No,Yes,Yes
93740,Frenso,No,No,No,Yes,Yes
93741,Frenso,No,No,No,Yes,Yes
91752,Riverside,No,No,Yes,Yes,Yes
92201,Riverside,No,No,Yes,Yes,Yes
92202,Riverside,No,No,Yes,Yes,Yes
92203,Riverside,No,No,Yes,Yes,Yes
92210,Riverside,No,No,Yes,Yes,Yes
92211,Riverside,No,No,Yes,Yes,Yes
92220,Riverside,No,No,Yes,Yes,Yes
92223,Riverside,No,No,Yes,Yes,Yes
92225,Riverside,No,No,Yes,Yes,Yes
92226,Riverside,No,No,Yes,Yes,Yes
92230,Riverside,No,No,Yes,Yes,Yes
92234,Riverside,No,No,Yes,Yes,Yes
92235,Riverside,No,No,Yes,Yes,Yes
92236,Riverside,No,No,Yes,Yes,Yes
92239,Riverside,No,No,Yes,Yes,Yes
92240,Riverside,No,No,Yes,Yes,Yes
92241,Riverside,No,No,Yes,Yes,Yes
92247,Riverside,No,No,Yes,Yes,Yes
92248,Riverside,No,No,Yes,Yes,Yes
92253,Riverside,No,No,Yes,Yes,Yes
92254,Riverside,No,No,Yes,Yes,Yes
92255,Riverside,No,No,Yes,Yes,Yes
92258,Riverside,No,No,Yes,Yes,Yes
92260,Riverside,No,No,Yes,Yes,Yes
92261,Riverside,No,No,Yes,Yes,Yes
92262,Riverside,No,No,Yes,Yes,Yes
92263,Riverside,No,No,Yes,Yes,Yes
92264,Riverside,No,No,Yes,Yes,Yes
92270,Riverside,No,No,Yes,Yes,Yes
92274,Riverside,No,No,Yes,Yes,Yes
92276,Riverside,No,No,Yes,Yes,Yes
92282,Riverside,No,No,Yes,Yes,Yes
92292,Riverside,No,No,Yes,Yes,Yes
92320,Riverside,No,No,Yes,Yes,Yes
92501,Riverside,No,No,Yes,Yes,Yes
92502,Riverside,No,No,Yes,Yes,Yes
92503,Riverside,No,No,Yes,Yes,Yes
92504,Riverside,No,No,Yes,Yes,Yes
92505,Riverside,No,No,Yes,Yes,Yes
92506,Riverside,No,No,Yes,Yes,Yes
92507,Riverside,No,No,Yes,Yes,Yes
92508,Riverside,No,No,Yes,Yes,Yes
92509,Riverside,No,No,Yes,Yes,Yes
92513,Riverside,No,No,Yes,Yes,Yes
92514,Riverside,No,No,Yes,Yes,Yes
92515,Riverside,No,No,Yes,Yes,Yes
92516,Riverside,No,No,Yes,Yes,Yes
92517,Riverside,No,No,Yes,Yes,Yes
92518,Riverside,No,No,Yes,Yes,Yes
92519,Riverside,No,No,Yes,Yes,Yes
92521,Riverside,No,No,Yes,Yes,Yes
92522,Riverside,No,No,Yes,Yes,Yes
92530,Riverside,No,No,Yes,Yes,Yes
92531,Riverside,No,No,Yes,Yes,Yes
92532,Riverside,No,No,Yes,Yes,Yes
92536,Riverside,No,No,Yes,Yes,Yes
92539,Riverside,No,No,Yes,Yes,Yes
92543,Riverside,No,No,Yes,Yes,Yes
92544,Riverside,No,No,Yes,Yes,Yes
92545,Riverside,No,No,Yes,Yes,Yes
92546,Riverside,No,No,Yes,Yes,Yes
92548,Riverside,No,No,Yes,Yes,Yes
92549,Riverside,No,No,Yes,Yes,Yes
92551,Riverside,No,No,Yes,Yes,Yes
92552,Riverside,No,No,Yes,Yes,Yes
92553,Riverside,No,No,Yes,Yes,Yes
92554,Riverside,No,No,Yes,Yes,Yes
92555,Riverside,No,No,Yes,Yes,Yes
92556,Riverside,No,No,Yes,Yes,Yes
92557,Riverside,No,No,Yes,Yes,Yes
92561,Riverside,No,No,Yes,Yes,Yes
92562,Riverside,No,No,Yes,Yes,Yes
92563,Riverside,No,No,Yes,Yes,Yes
92564,Riverside,No,No,Yes,Yes,Yes
92567,Riverside,No,No,Yes,Yes,Yes
92570,Riverside,No,No,Yes,Yes,Yes
92571,Riverside,No,No,Yes,Yes,Yes
92572,Riverside,No,No,Yes,Yes,Yes
92581,Riverside,No,No,Yes,Yes,Yes
92582,Riverside,No,No,Yes,Yes,Yes
92583,Riverside,No,No,Yes,Yes,Yes
92584,Riverside,No,No,Yes,Yes,Yes
92585,Riverside,No,No,Yes,Yes,Yes
92586,Riverside,No,No,Yes,Yes,Yes
92587,Riverside,No,No,Yes,Yes,Yes
92589,Riverside,No,No,Yes,Yes,Yes
92590,Riverside,No,No,Yes,Yes,Yes
92591,Riverside,No,No,Yes,Yes,Yes
92592,Riverside,No,No,Yes,Yes,Yes
92593,Riverside,No,No,Yes,Yes,Yes
92595,Riverside,No,No,Yes,Yes,Yes
92596,Riverside,No,No,Yes,Yes,Yes
92599,Riverside,No,No,Yes,Yes,Yes
92860,Riverside,No,No,Yes,Yes,Yes
92877,Riverside,No,No,Yes,Yes,Yes
92878,Riverside,No,No,Yes,Yes,Yes
92879,Riverside,No,No,Yes,Yes,Yes
92880,Riverside,No,No,Yes,Yes,Yes
92881,Riverside,No,No,Yes,Yes,Yes
92882,Riverside,No,No,Yes,Yes,Yes
92883,Riverside,No,No,Yes,Yes,Yes
91701,San Bernardino,No,No,No,Yes,Yes
91708,San Bernardino,No,No,No,Yes,Yes
91709,San Bernardino,No,No,No,Yes,Yes
91710,San Bernardino,No,No,No,Yes,Yes
91729,San Bernardino,No,No,No,Yes,Yes
91730,San Bernardino,No,No,No,Yes,Yes
91737,San Bernardino,No,No,No,Yes,Yes
91739,San Bernardino,No,No,No,Yes,Yes
91743,San Bernardino,No,No,No,Yes,Yes
91758,San Bernardino,No,No,No,Yes,Yes
91759,San Bernardino,No,No,No,Yes,Yes
91761,San Bernardino,No,No,No,Yes,Yes
91762,San Bernardino,No,No,No,Yes,Yes
91763,San Bernardino,No,No,No,Yes,Yes
91764,San Bernardino,No,No,No,Yes,Yes
91784,San Bernardino,No,No,No,Yes,Yes
91785,San Bernardino,No,No,No,Yes,Yes
91786,San Bernardino,No,No,No,Yes,Yes
91798,San Bernardino,No,No,No,Yes,Yes
92242,San Bernardino,No,No,No,Yes,Yes
92252,San Bernardino,No,No,No,Yes,Yes
92256,San Bernardino,No,No,No,Yes,Yes
92267,San Bernardino,No,No,No,Yes,Yes
92268,San Bernardino,No,No,No,Yes,Yes
92277,San Bernardino,No,No,No,Yes,Yes
92278,San Bernardino,No,No,No,Yes,Yes
92280,San Bernardino,No,No,No,Yes,Yes
92284,San Bernardino,No,No,No,Yes,Yes
92285,San Bernardino,No,No,No,Yes,Yes
92286,San Bernardino,No,No,No,Yes,Yes
92301,San Bernardino,No,No,No,Yes,Yes
92304,San Bernardino,No,No,No,Yes,Yes
92305,San Bernardino,No,No,No,Yes,Yes
92307,San Bernardino,No,No,No,Yes,Yes
92308,San Bernardino,No,No,No,Yes,Yes
92309,San Bernardino,No,No,No,Yes,Yes
92310,San Bernardino,No,No,No,Yes,Yes
92311,San Bernardino,No,No,No,Yes,Yes
92312,San Bernardino,No,No,No,Yes,Yes
92313,San Bernardino,No,No,No,Yes,Yes
92314,San Bernardino,No,No,No,Yes,Yes
92315,San Bernardino,No,No,No,Yes,Yes
92316,San Bernardino,No,No,No,Yes,Yes
92317,San Bernardino,No,No,No,Yes,Yes
92318,San Bernardino,No,No,No,Yes,Yes
92321,San Bernardino,No,No,No,Yes,Yes
92322,San Bernardino,No,No,No,Yes,Yes
92323,San Bernardino,No,No,No,Yes,Yes
92324,San Bernardino,No,No,No,Yes,Yes
92325,San Bernardino,No,No,No,Yes,Yes
92326,San Bernardino,No,No,No,Yes,Yes
92327,San Bernardino,No,No,No,Yes,Yes
92329,San Bernardino,No,No,No,Yes,Yes
92331,San Bernardino,No,No,No,Yes,Yes
92332,San Bernardino,No,No,No,Yes,Yes
92333,San Bernardino,No,No,No,Yes,Yes
92334,San Bernardino,No,No,No,Yes,Yes
92335,San Bernardino,No,No,No,Yes,Yes
92336,San Bernardino,No,No,No,Yes,Yes
92337,San Bernardino,No,No,No,Yes,Yes
92338,San Bernardino,No,No,No,Yes,Yes
92339,San Bernardino,No,No,No,Yes,Yes
92340,San Bernardino,No,No,No,Yes,Yes
92341,San Bernardino,No,No,No,Yes,Yes
92342,San Bernardino,No,No,No,Yes,Yes
92344,San Bernardino,No,No,No,Yes,Yes
92345,San Bernardino,No,No,No,Yes,Yes
92346,San Bernardino,No,No,No,Yes,Yes
92347,San Bernardino,No,No,No,Yes,Yes
92350,San Bernardino,No,No,No,Yes,Yes
92352,San Bernardino,No,No,No,Yes,Yes
92354,San Bernardino,No,No,No,Yes,Yes
92356,San Bernardino,No,No,No,Yes,Yes
92357,San Bernardino,No,No,No,Yes,Yes
92358,San Bernardino,No,No,No,Yes,Yes
92359,San Bernardino,No,No,No,Yes,Yes
92363,San Bernardino,No,No,No,Yes,Yes
92364,San Bernardino,No,No,No,Yes,Yes
92365,San Bernardino,No,No,No,Yes,Yes
92366,San Bernardino,No,No,No,Yes,Yes
92368,San Bernardino,No,No,No,Yes,Yes
92369,San Bernardino,No,No,No,Yes,Yes
92371,San Bernardino,No,No,No,Yes,Yes
92372,San Bernardino,No,No,No,Yes,Yes
92373,San Bernardino,No,No,No,Yes,Yes
92374,San Bernardino,No,No,No,Yes,Yes
92375,San Bernardino,No,No,No,Yes,Yes
92376,San Bernardino,No,No,No,Yes,Yes
92377,San Bernardino,No,No,No,Yes,Yes
92378,San Bernardino,No,No,No,Yes,Yes
92382,San Bernardino,No,No,No,Yes,Yes
92385,San Bernardino,No,No,No,Yes,Yes
92386,San Bernardino,No,No,No,Yes,Yes
92391,San Bernardino,No,No,No,Yes,Yes
92392,San Bernardino,No,No,No,Yes,Yes
92393,San Bernardino,No,No,No,Yes,Yes
92394,San Bernardino,No,No,No,Yes,Yes
92395,San Bernardino,No,No,No,Yes,Yes
92397,San Bernardino,No,No,No,Yes,Yes
92398,San Bernardino,No,No,No,Yes,Yes
92399,San Bernardino,No,No,No,Yes,Yes
92401,San Bernardino,No,No,No,Yes,Yes
92402,San Bernardino,No,No,No,Yes,Yes
92403,San Bernardino,No,No,No,Yes,Yes
92404,San Bernardino,No,No,No,Yes,Yes
92405,San Bernardino,No,No,No,Yes,Yes
92406,San Bernardino,No,No,No,Yes,Yes
92407,San Bernardino,No,No,No,Yes,Yes
92408,San Bernardino,No,No,No,Yes,Yes
92410,San Bernardino,No,No,No,Yes,Yes
92411,San Bernardino,No,No,No,Yes,Yes
92412,San Bernardino,No,No,No,Yes,Yes
92413,San Bernardino,No,No,No,Yes,Yes
92414,San Bernardino,No,No,No,Yes,Yes
92415,San Bernardino,No,No,No,Yes,Yes
92418,San Bernardino,No,No,No,Yes,Yes
92423,San Bernardino,No,No,No,Yes,Yes
92424,San Bernardino,No,No,No,Yes,Yes
92427,San Bernardino,No,No,No,Yes,Yes
93558,San Bernardino,No,No,No,Yes,Yes
93562,San Bernardino,No,No,No,Yes,Yes
95307,Stanislaus,No,No,No,Yes,Yes
95313,Stanislaus,No,No,No,Yes,Yes
95316,Stanislaus,No,No,No,Yes,Yes
95319,Stanislaus,No,No,No,Yes,Yes
95323,Stanislaus,No,No,No,Yes,Yes
95326,Stanislaus,No,No,No,Yes,Yes
95328,Stanislaus,No,No,No,Yes,Yes
95350,Stanislaus,No,No,No,Yes,Yes
95351,Stanislaus,No,No,No,Yes,Yes
95352,Stanislaus,No,No,No,Yes,Yes
95353,Stanislaus,No,No,No,Yes,Yes
95354,Stanislaus,No,No,No,Yes,Yes
95355,Stanislaus,No,No,No,Yes,Yes
95356,Stanislaus,No,No,No,Yes,Yes
95357,Stanislaus,No,No,No,Yes,Yes
95358,Stanislaus,No,No,No,Yes,Yes
95360,Stanislaus,No,No,No,Yes,Yes
95361,Stanislaus,No,No,No,Yes,Yes
95363,Stanislaus,No,No,No,Yes,Yes
95367,Stanislaus,No,No,No,Yes,Yes
95368,Stanislaus,No,No,No,Yes,Yes
95380,Stanislaus,No,No,No,Yes,Yes
95381,Stanislaus,No,No,No,Yes,Yes
95382,Stanislaus,No,No,No,Yes,Yes
95385,Stanislaus,No,No,No,Yes,Yes
95386,Stanislaus,No,No,No,Yes,Yes
95387,Stanislaus,No,No,No,Yes,Yes
95397,Stanislaus,No,No,No,Yes,Yes
91901,San Diego,Yes,No,No,Yes,Yes
91902,San Diego,Yes,No,No,Yes,Yes
91903,San Diego,Yes,No,No,Yes,Yes
91905,San Diego,Yes,No,No,Yes,Yes
91906,San Diego,Yes,No,No,Yes,Yes
91908,San Diego,Yes,No,No,Yes,Yes
91909,San Diego,Yes,No,No,Yes,Yes
91910,San Diego,Yes,No,No,Yes,Yes
91911,San Diego,Yes,No,No,Yes,Yes
91912,San Diego,Yes,No,No,Yes,Yes
91913,San Diego,Yes,No,No,Yes,Yes
91914,San Diego,Yes,No,No,Yes,Yes
91915,San Diego,Yes,No,No,Yes,Yes
91916,San Diego,Yes,No,No,Yes,Yes
91917,San Diego,Yes,No,No,Yes,Yes
91921,San Diego,Yes,No,No,Yes,Yes
91931,San Diego,Yes,No,No,Yes,Yes
91932,San Diego,Yes,No,No,Yes,Yes
91933,San Diego,Yes,No,No,Yes,Yes
91934,San Diego,Yes,No,No,Yes,Yes
91935,San Diego,Yes,No,No,Yes,Yes
91941,San Diego,Yes,No,No,Yes,Yes
91942,San Diego,Yes,No,No,Yes,Yes
91943,San Diego,Yes,No,No,Yes,Yes
91944,San Diego,Yes,No,No,Yes,Yes
91945,San Diego,Yes,No,No,Yes,Yes
91946,San Diego,Yes,No,No,Yes,Yes
91947,San Diego,Yes,No,No,Yes,Yes
91948,San Diego,Yes,No,No,Yes,Yes
91950,San Diego,Yes,No,No,Yes,Yes
91951,San Diego,Yes,No,No,Yes,Yes
91962,San Diego,Yes,No,No,Yes,Yes
91963,San Diego,Yes,No,No,Yes,Yes
91976,San Diego,Yes,No,No,Yes,Yes
91977,San Diego,Yes,No,No,Yes,Yes
91978,San Diego,Yes,No,No,Yes,Yes
91979,San Diego,Yes,No,No,Yes,Yes
91980,San Diego,Yes,No,No,Yes,Yes
91987,San Diego,Yes,No,No,Yes,Yes
91990,San Diego,Yes,No,No,Yes,Yes
92003,San Diego,Yes,No,No,Yes,Yes
92004,San Diego,Yes,No,No,Yes,Yes
92007,San Diego,Yes,No,No,Yes,Yes
92008,San Diego,Yes,No,No,Yes,Yes
92009,San Diego,Yes,No,No,Yes,Yes
92010,San Diego,Yes,No,No,Yes,Yes
92011,San Diego,Yes,No,No,Yes,Yes
92013,San Diego,Yes,No,No,Yes,Yes
92014,San Diego,Yes,No,No,Yes,Yes
92018,San Diego,Yes,No,No,Yes,Yes
92019,San Diego,Yes,No,No,Yes,Yes
92020,San Diego,Yes,No,No,Yes,Yes
92021,San Diego,Yes,No,No,Yes,Yes
92022,San Diego,Yes,No,No,Yes,Yes
92023,San Diego,Yes,No,No,Yes,Yes
92024,San Diego,Yes,No,No,Yes,Yes
92025,San Diego,Yes,No,No,Yes,Yes
92026,San Diego,Yes,No,No,Yes,Yes
92027,San Diego,Yes,No,No,Yes,Yes
92028,San Diego,Yes,No,No,Yes,Yes
92029,San Diego,Yes,No,No,Yes,Yes
92030,San Diego,Yes,No,No,Yes,Yes
92033,San Diego,Yes,No,No,Yes,Yes
92036,San Diego,Yes,No,No,Yes,Yes
92037,San Diego,Yes,No,No,Yes,Yes
92038,San Diego,Yes,No,No,Yes,Yes
92039,San Diego,Yes,No,No,Yes,Yes
92040,San Diego,Yes,No,No,Yes,Yes
92046,San Diego,Yes,No,No,Yes,Yes
92049,San Diego,Yes,No,No,Yes,Yes
92051,San Diego,Yes,No,No,Yes,Yes
92052,San Diego,Yes,No,No,Yes,Yes
92054,San Diego,Yes,No,No,Yes,Yes
92055,San Diego,Yes,No,No,Yes,Yes
92056,San Diego,Yes,No,No,Yes,Yes
92057,San Diego,Yes,No,No,Yes,Yes
92058,San Diego,Yes,No,No,Yes,Yes
92059,San Diego,Yes,No,No,Yes,Yes
92060,San Diego,Yes,No,No,Yes,Yes
92061,San Diego,Yes,No,No,Yes,Yes
92064,San Diego,Yes,No,No,Yes,Yes
92065,San Diego,Yes,No,No,Yes,Yes
92066,San Diego,Yes,No,No,Yes,Yes
92067,San Diego,Yes,No,No,Yes,Yes
92068,San Diego,Yes,No,No,Yes,Yes
92069,San Diego,Yes,No,No,Yes,Yes
92070,San Diego,Yes,No,No,Yes,Yes
92071,San Diego,Yes,No,No,Yes,Yes
92072,San Diego,Yes,No,No,Yes,Yes
92074,San Diego,Yes,No,No,Yes,Yes
92075,San Diego,Yes,No,No,Yes,Yes
92078,San Diego,Yes,No,No,Yes,Yes
92079,San Diego,Yes,No,No,Yes,Yes
92081,San Diego,Yes,No,No,Yes,Yes
92082,San Diego,Yes,No,No,Yes,Yes
92083,San Diego,Yes,No,No,Yes,Yes
92084,San Diego,Yes,No,No,Yes,Yes
92085,San Diego,Yes,No,No,Yes,Yes
92086,San Diego,Yes,No,No,Yes,Yes
92088,San Diego,Yes,No,No,Yes,Yes
92090,San Diego,Yes,No,No,Yes,Yes
92091,San Diego,Yes,No,No,Yes,Yes
92092,San Diego,Yes,No,No,Yes,Yes
92093,San Diego,Yes,No,No,Yes,Yes
92096,San Diego,Yes,No,No,Yes,Yes
92101,San Diego,Yes,No,No,Yes,Yes
92102,San Diego,Yes,No,No,Yes,Yes
92103,San Diego,Yes,No,No,Yes,Yes
92104,San Diego,Yes,No,No,Yes,Yes
92105,San Diego,Yes,No,No,Yes,Yes
92106,San Diego,Yes,No,No,Yes,Yes
92107,San Diego,Yes,No,No,Yes,Yes
92108,San Diego,Yes,No,No,Yes,Yes
92109,San Diego,Yes,No,No,Yes,Yes
92110,San Diego,Yes,No,No,Yes,Yes
92111,San Diego,Yes,No,No,Yes,Yes
92112,San Diego,Yes,No,No,Yes,Yes
92113,San Diego,Yes,No,No,Yes,Yes
92114,San Diego,Yes,No,No,Yes,Yes
92115,San Diego,Yes,No,No,Yes,Yes
92116,San Diego,Yes,No,No,Yes,Yes
92117,San Diego,Yes,No,No,Yes,Yes
92118,San Diego,Yes,No,No,Yes,Yes
92119,San Diego,Yes,No,No,Yes,Yes
92120,San Diego,Yes,No,No,Yes,Yes
92121,San Diego,Yes,No,No,Yes,Yes
92122,San Diego,Yes,No,No,Yes,Yes
92123,San Diego,Yes,No,No,Yes,Yes
92124,San Diego,Yes,No,No,Yes,Yes
92126,San Diego,Yes,No,No,Yes,Yes
92127,San Diego,Yes,No,No,Yes,Yes
92128,San Diego,Yes,No,No,Yes,Yes
92129,San Diego,Yes,No,No,Yes,Yes
92130,San Diego,Yes,No,No,Yes,Yes
92131,San Diego,Yes,No,No,Yes,Yes
92132,San Diego,Yes,No,No,Yes,Yes
92133,San Diego,Yes,No,No,Yes,Yes
92134,San Diego,Yes,No,No,Yes,Yes
92135,San Diego,Yes,No,No,Yes,Yes
92136,San Diego,Yes,No,No,Yes,Yes
92137,San Diego,Yes,No,No,Yes,Yes
92138,San Diego,Yes,No,No,Yes,Yes
92139,San Diego,Yes,No,No,Yes,Yes
92140,San Diego,Yes,No,No,Yes,Yes
92142,San Diego,Yes,No,No,Yes,Yes
92143,San Diego,Yes,No,No,Yes,Yes
92145,San Diego,Yes,No,No,Yes,Yes
92147,San Diego,Yes,No,No,Yes,Yes
92149,San Diego,Yes,No,No,Yes,Yes
92150,San Diego,Yes,No,No,Yes,Yes
92152,San Diego,Yes,No,No,Yes,Yes
92153,San Diego,Yes,No,No,Yes,Yes
92154,San Diego,Yes,No,No,Yes,Yes
92155,San Diego,Yes,No,No,Yes,Yes
92158,San Diego,Yes,No,No,Yes,Yes
92159,San Diego,Yes,No,No,Yes,Yes
92160,San Diego,Yes,No,No,Yes,Yes
92161,San Diego,Yes,No,No,Yes,Yes
92162,San Diego,Yes,No,No,Yes,Yes
92163,San Diego,Yes,No,No,Yes,Yes
92164,San Diego,Yes,No,No,Yes,Yes
92165,San Diego,Yes,No,No,Yes,Yes
92166,San Diego,Yes,No,No,Yes,Yes
92167,San Diego,Yes,No,No,Yes,Yes
92168,San Diego,Yes,No,No,Yes,Yes
92169,San Diego,Yes,No,No,Yes,Yes
92170,San Diego,Yes,No,No,Yes,Yes
92171,San Diego,Yes,No,No,Yes,Yes
92172,San Diego,Yes,No,No,Yes,Yes
92173,San Diego,Yes,No,No,Yes,Yes
92174,San Diego,Yes,No,No,Yes,Yes
92175,San Diego,Yes,No,No,Yes,Yes
92176,San Diego,Yes,No,No,Yes,Yes
92177,San Diego,Yes,No,No,Yes,Yes
92178,San Diego,Yes,No,No,Yes,Yes
92179,San Diego,Yes,No,No,Yes,Yes
92182,San Diego,Yes,No,No,Yes,Yes
92184,San Diego,Yes,No,No,Yes,Yes
92186,San Diego,Yes,No,No,Yes,Yes
92187,San Diego,Yes,No,No,Yes,Yes
92190,San Diego,Yes,No,No,Yes,Yes
92191,San Diego,Yes,No,No,Yes,Yes
92192,San Diego,Yes,No,No,Yes,Yes
92193,San Diego,Yes,No,No,Yes,Yes
92194,San Diego,Yes,No,No,Yes,Yes
92195,San Diego,Yes,No,No,Yes,Yes
92196,San Diego,Yes,No,No,Yes,Yes
92197,San Diego,Yes,No,No,Yes,Yes
92198,San Diego,Yes,No,No,Yes,Yes
92199,San Diego,Yes,No,No,Yes,Yes
94022,Santa Clara,No,No,No,Yes,Yes
94023,Santa Clara,No,No,No,Yes,Yes
94024,Santa Clara,No,No,No,Yes,Yes
94035,Santa Clara,No,No,No,Yes,Yes
94039,Santa Clara,No,No,No,Yes,Yes
94040,Santa Clara,No,No,No,Yes,Yes
94041,Santa Clara,No,No,No,Yes,Yes
94042,Santa Clara,No,No,No,Yes,Yes
94043,Santa Clara,No,No,No,Yes,Yes
94085,Santa Clara,No,No,No,Yes,Yes
94086,Santa Clara,No,No,No,Yes,Yes
94087,Santa Clara,No,No,No,Yes,Yes
94088,Santa Clara,No,No,No,Yes,Yes
94089,Santa Clara,No,No,No,Yes,Yes
94301,Santa Clara,No,No,No,Yes,Yes
94302,Santa Clara,No,No,No,Yes,Yes
94304,Santa Clara,No,No,No,Yes,Yes
94305,Santa Clara,No,No,No,Yes,Yes
94306,Santa Clara,No,No,No,Yes,Yes
94309,Santa Clara,No,No,No,Yes,Yes
95002,Santa Clara,No,No,No,Yes,Yes
95008,Santa Clara,No,No,No,Yes,Yes
95009,Santa Clara,No,No,No,Yes,Yes
95011,Santa Clara,No,No,No,Yes,Yes
95013,Santa Clara,No,No,No,Yes,Yes
95014,Santa Clara,No,No,No,Yes,Yes
95015,Santa Clara,No,No,No,Yes,Yes
95020,Santa Clara,No,No,No,Yes,Yes
95021,Santa Clara,No,No,No,Yes,Yes
95026,Santa Clara,No,No,No,Yes,Yes
95030,Santa Clara,No,No,No,Yes,Yes
95031,Santa Clara,No,No,No,Yes,Yes
95032,Santa Clara,No,No,No,Yes,Yes
95035,Santa Clara,No,No,No,Yes,Yes
95036,Santa Clara,No,No,No,Yes,Yes
95037,Santa Clara,No,No,No,Yes,Yes
95038,Santa Clara,No,No,No,Yes,Yes
95042,Santa Clara,No,No,No,Yes,Yes
95044,Santa Clara,No,No,No,Yes,Yes
95046,Santa Clara,No,No,No,Yes,Yes
95050,Santa Clara,No,No,No,Yes,Yes
95051,Santa Clara,No,No,No,Yes,Yes
95052,Santa Clara,No,No,No,Yes,Yes
95053,Santa Clara,No,No,No,Yes,Yes
95054,Santa Clara,No,No,No,Yes,Yes
95055,Santa Clara,No,No,No,Yes,Yes
95056,Santa Clara,No,No,No,Yes,Yes
95070,Santa Clara,No,No,No,Yes,Yes
95071,Santa Clara,No,No,No,Yes,Yes
95101,Santa Clara,No,No,No,Yes,Yes
95103,Santa Clara,No,No,No,Yes,Yes
95106,Santa Clara,No,No,No,Yes,Yes
95108,Santa Clara,No,No,No,Yes,Yes
95109,Santa Clara,No,No,No,Yes,Yes
95110,Santa Clara,No,No,No,Yes,Yes
95111,Santa Clara,No,No,No,Yes,Yes
95112,Santa Clara,No,No,No,Yes,Yes
95113,Santa Clara,No,No,No,Yes,Yes
95115,Santa Clara,No,No,No,Yes,Yes
95116,Santa Clara,No,No,No,Yes,Yes
95117,Santa Clara,No,No,No,Yes,Yes
95118,Santa Clara,No,No,No,Yes,Yes
95119,Santa Clara,No,No,No,Yes,Yes
95120,Santa Clara,No,No,No,Yes,Yes
95121,Santa Clara,No,No,No,Yes,Yes
95122,Santa Clara,No,No,No,Yes,Yes
95123,Santa Clara,No,No,No,Yes,Yes
95124,Santa Clara,No,No,No,Yes,Yes
95125,Santa Clara,No,No,No,Yes,Yes
95126,Santa Clara,No,No,No,Yes,Yes
95127,Santa Clara,No,No,No,Yes,Yes
95128,Santa Clara,No,No,No,Yes,Yes
95129,Santa Clara,No,No,No,Yes,Yes
95130,Santa Clara,No,No,No,Yes,Yes
95131,Santa Clara,No,No,No,Yes,Yes
95132,Santa Clara,No,No,No,Yes,Yes
95133,Santa Clara,No,No,No,Yes,Yes
95134,Santa Clara,No,No,No,Yes,Yes
95135,Santa Clara,No,No,No,Yes,Yes
95136,Santa Clara,No,No,No,Yes,Yes
95138,Santa Clara,No,No,No,Yes,Yes
95139,Santa Clara,No,No,No,Yes,Yes
95140,Santa Clara,No,No,No,Yes,Yes
95141,Santa Clara,No,No,No,Yes,Yes
95148,Santa Clara,No,No,No,Yes,Yes
95150,Santa Clara,No,No,No,Yes,Yes
95151,Santa Clara,No,No,No,Yes,Yes
95152,Santa Clara,No,No,No,Yes,Yes
95153,Santa Clara,No,No,No,Yes,Yes
95154,Santa Clara,No,No,No,Yes,Yes
95155,Santa Clara,No,No,No,Yes,Yes
95156,Santa Clara,No,No,No,Yes,Yes
95157,Santa Clara,No,No,No,Yes,Yes
95158,Santa Clara,No,No,No,Yes,Yes
95159,Santa Clara,No,No,No,Yes,Yes
95160,Santa Clara,No,No,No,Yes,Yes
95161,Santa Clara,No,No,No,Yes,Yes
95164,Santa Clara,No,No,No,Yes,Yes
95170,Santa Clara,No,No,No,Yes,Yes
95172,Santa Clara,No,No,No,Yes,Yes
95173,Santa Clara,No,No,No,Yes,Yes
95190,Santa Clara,No,No,No,Yes,Yes
95191,Santa Clara,No,No,No,Yes,Yes
95192,Santa Clara,No,No,No,Yes,Yes
95193,Santa Clara,No,No,No,Yes,Yes
95194,Santa Clara,No,No,No,Yes,Yes
95196,Santa Clara,No,No,No,Yes,Yes
94501,Alameda,No,No,No,Yes,Yes
94502,Alameda,No,No,No,Yes,Yes
94536,Alameda,No,No,No,Yes,Yes
94537,Alameda,No,No,No,Yes,Yes
94538,Alameda,No,No,No,Yes,Yes
94539,Alameda,No,No,No,Yes,Yes
94540,Alameda,No,No,No,Yes,Yes
94541,Alameda,No,No,No,Yes,Yes
94542,Alameda,No,No,No,Yes,Yes
94543,Alameda,No,No,No,Yes,Yes
94544,Alameda,No,No,No,Yes,Yes
94545,Alameda,No,No,No,Yes,Yes
94546,Alameda,No,No,No,Yes,Yes
94550,Alameda,No,No,No,Yes,Yes
94551,Alameda,No,No,No,Yes,Yes
94552,Alameda,No,No,No,Yes,Yes
94555,Alameda,No,No,No,Yes,Yes
94557,Alameda,No,No,No,Yes,Yes
94560,Alameda,No,No,No,Yes,Yes
94566,Alameda,No,No,No,Yes,Yes
94568,Alameda,No,No,No,Yes,Yes
94577,Alameda,No,No,No,Yes,Yes
94578,Alameda,No,No,No,Yes,Yes
94579,Alameda,No,No,No,Yes,Yes
94580,Alameda,No,No,No,Yes,Yes
94586,Alameda,No,No,No,Yes,Yes
94587,Alameda,No,No,No,Yes,Yes
94588,Alameda,No,No,No,Yes,Yes
94601,Alameda,No,No,No,Yes,Yes
94602,Alameda,No,No,No,Yes,Yes
94603,Alameda,No,No,No,Yes,Yes
94604,Alameda,No,No,No,Yes,Yes
94605,Alameda,No,No,No,Yes,Yes
94606,Alameda,No,No,No,Yes,Yes
94607,Alameda,No,No,No,Yes,Yes
94608,Alameda,No,No,No,Yes,Yes
94609,Alameda,No,No,No,Yes,Yes
94610,Alameda,No,No,No,Yes,Yes
94611,Alameda,No,No,No,Yes,Yes
94612,Alameda,No,No,No,Yes,Yes
94613,Alameda,No,No,No,Yes,Yes
94614,Alameda,No,No,No,Yes,Yes
94615,Alameda,No,No,No,Yes,Yes
94617,Alameda,No,No,No,Yes,Yes
94618,Alameda,No,No,No,Yes,Yes
94619,Alameda,No,No,No,Yes,Yes
94620,Alameda,No,No,No,Yes,Yes
94621,Alameda,No,No,No,Yes,Yes
94622,Alameda,No,No,No,Yes,Yes
94623,Alameda,No,No,No,Yes,Yes
94624,Alameda,No,No,No,Yes,Yes
94625,Alameda,No,No,No,Yes,Yes
94649,Alameda,No,No,No,Yes,Yes
94659,Alameda,No,No,No,Yes,Yes
94660,Alameda,No,No,No,Yes,Yes
94661,Alameda,No,No,No,Yes,Yes
94662,Alameda,No,No,No,Yes,Yes
94666,Alameda,No,No,No,Yes,Yes
94701,Alameda,No,No,No,Yes,Yes
94702,Alameda,No,No,No,Yes,Yes
94703,Alameda,No,No,No,Yes,Yes
94704,Alameda,No,No,No,Yes,Yes
94705,Alameda,No,No,No,Yes,Yes
94706,Alameda,No,No,No,Yes,Yes
94707,Alameda,No,No,No,Yes,Yes
94708,Alameda,No,No,No,Yes,Yes
94709,Alameda,No,No,No,Yes,Yes
94710,Alameda,No,No,No,Yes,Yes
94712,Alameda,No,No,No,Yes,Yes
94720,Alameda,No,No,No,Yes,Yes
93601,Madera,No,No,No,Yes,Yes
93604,Madera,No,No,No,Yes,Yes
93610,Madera,No,No,No,Yes,Yes
93614,Madera,No,No,No,Yes,Yes
93636,Madera,No,No,No,Yes,Yes
93637,Madera,No,No,No,Yes,Yes
93638,Madera,No,No,No,Yes,Yes
93639,Madera,No,No,No,Yes,Yes
93643,Madera,No,No,No,Yes,Yes
93644,Madera,No,No,No,Yes,Yes
93645,Madera,No,No,No,Yes,Yes
93653,Madera,No,No,No,Yes,Yes
93669,Madera,No,No,No,Yes,Yes
94002,San Mateo,No,No,Yes,Yes,Yes
94005,San Mateo,No,No,Yes,Yes,Yes
94010,San Mateo,No,No,Yes,Yes,Yes
94011,San Mateo,No,No,Yes,Yes,Yes
94013,San Mateo,No,No,Yes,Yes,Yes
94014,San Mateo,No,No,Yes,Yes,Yes
94015,San Mateo,No,No,Yes,Yes,Yes
94016,San Mateo,No,No,Yes,Yes,Yes
94017,San Mateo,No,No,Yes,Yes,Yes
94018,San Mateo,No,No,Yes,Yes,Yes
94019,San Mateo,No,No,Yes,Yes,Yes
94020,San Mateo,No,No,Yes,Yes,Yes
94021,San Mateo,No,No,Yes,Yes,Yes
94025,San Mateo,No,No,Yes,Yes,Yes
94026,San Mateo,No,No,Yes,Yes,Yes
94027,San Mateo,No,No,Yes,Yes,Yes
94028,San Mateo,No,No,Yes,Yes,Yes
94030,San Mateo,No,No,Yes,Yes,Yes
94037,San Mateo,No,No,Yes,Yes,Yes
94038,San Mateo,No,No,Yes,Yes,Yes
94044,San Mateo,No,No,Yes,Yes,Yes
94060,San Mateo,No,No,Yes,Yes,Yes
94061,San Mateo,No,No,Yes,Yes,Yes
94062,San Mateo,No,No,Yes,Yes,Yes
94063,San Mateo,No,No,Yes,Yes,Yes
94064,San Mateo,No,No,Yes,Yes,Yes
94065,San Mateo,No,No,Yes,Yes,Yes
94066,San Mateo,No,No,Yes,Yes,Yes
94070,San Mateo,No,No,Yes,Yes,Yes
94074,San Mateo,No,No,Yes,Yes,Yes
94080,San Mateo,No,No,Yes,Yes,Yes
94083,San Mateo,No,No,Yes,Yes,Yes
94128,San Mateo,No,No,Yes,Yes,Yes
94303,San Mateo,No,No,Yes,Yes,Yes
94401,San Mateo,No,No,Yes,Yes,Yes
94402,San Mateo,No,No,Yes,Yes,Yes
94403,San Mateo,No,No,Yes,Yes,Yes
94404,San Mateo,No,No,Yes,Yes,Yes
94497,San Mateo,No,No,Yes,Yes,Yes
91319,Ventura,No,No,No,Yes,No
91320,Ventura,No,No,No,Yes,No
91358,Ventura,No,No,No,Yes,No
91360,Ventura,No,No,No,Yes,No
91361,Ventura,No,No,No,Yes,No
91362,Ventura,No,No,No,Yes,No
91377,Ventura,No,No,No,Yes,No
93001,Ventura,No,No,No,Yes,No
93002,Ventura,No,No,No,Yes,No
93003,Ventura,No,No,No,Yes,No
93004,Ventura,No,No,No,Yes,No
93005,Ventura,No,No,No,Yes,No
93006,Ventura,No,No,No,Yes,No
93007,Ventura,No,No,No,Yes,No
93009,Ventura,No,No,No,Yes,No
93010,Ventura,No,No,No,Yes,No
93011,Ventura,No,No,No,Yes,No
93012,Ventura,No,No,No,Yes,No
93015,Ventura,No,No,No,Yes,No
93016,Ventura,No,No,No,Yes,No
93020,Ventura,No,No,No,Yes,No
93021,Ventura,No,No,No,Yes,No
93022,Ventura,No,No,No,Yes,No
93023,Ventura,No,No,No,Yes,No
93024,Ventura,No,No,No,Yes,No
93030,Ventura,No,No,No,Yes,No
93031,Ventura,No,No,No,Yes,No
93032,Ventura,No,No,No,Yes,No
93033,Ventura,No,No,No,Yes,No
93034,Ventura,No,No,No,Yes,No
93035,Ventura,No,No,No,Yes,No
93036,Ventura,No,No,No,Yes,No
93040,Ventura,No,No,No,Yes,No
93041,Ventura,No,No,No,Yes,No
93042,Ventura,No,No,No,Yes,No
93043,Ventura,No,No,No,Yes,No
93044,Ventura,No,No,No,Yes,No
93060,Ventura,No,No,No,Yes,No
93061,Ventura,No,No,No,Yes,No
93062,Ventura,No,No,No,Yes,No
93063,Ventura,No,No,No,Yes,No
93064,Ventura,No,No,No,Yes,No
93065,Ventura,No,No,No,Yes,No
93066,Ventura,No,No,No,Yes,No
93093,Ventura,No,No,No,Yes,No
93094,Ventura,No,No,No,Yes,No
93099,Ventura,No,No,No,Yes,No
